{
    "elements": [
        {
            "type": "button",
            "text": "Back",
            "id": "back_button",
            "function": "ElementManager.loadPage('server/configure_server/whitelist/whitelist')",
            "pad": 5
        },
        {
            "type": "label",
            "text": {"type": "function", "function": "ElementManager.data['current_data']['name']"},
            "id": "server_name_label",
            "size": 48,
            "pad": 20
        },
        {
            "type": "label",
            "text": "Remove This Player From The Whitelist?",
            "id": "title",
            "size": 14,
            "pad": 5
        },
        {
            "type": "frame",
            "id": "frame",
            "width": 600,
            "height": 50,
            "pad": 5,
            "bg_color": "#2b2b2b",
            "children": [
                {
                    "type": "button",
                    "text": "Yes",
                    "id": "yes_button",
                    "function": "removeFromWhitelist(ElementManager)",
                    "pad": 5,
                    "padx": 5,
                    "align": "left"
                },
                {
                    "type": "button",
                    "text": "No",
                    "id": "no_button",
                    "function": "ElementManager.loadPage('server/configure_server/whitelist/whitelist')",
                    "pad": 5,
                    "padx": 5,
                    "align": "right"
                }
            ]
        }
    ]
}