{
    "elements": [
        {
            "type": "button",
            "text": "Home",
            "id": "home_button",
            "function": "ElementManager.loadPage('home/home')",
            "pad": 5
        },
        {
            "type": "label",
            "text": "App Settings",
            "id": "server_name_label",
            "size": 48,
            "pad": 20
        },
        {
            "type": "label",
            "text": "Running ${zenith_version}",
            "id": "zenith_version",
            "size": 10,
            "pad": 5
        },
        {
            "type": "button",
            "text": "New Zenith Version Available!",
            "id": "new_zenith_version",
            "state": {"condition": "Updater.getLatestVersion() != CURRENT_VERSION"},
            "function": "downloadNewUpdate(ElementManager)",
            "pad": 5
        },
        {
            "type": "switch",
            "text": "Keep Server Online",
            "id": "keep_server_online",
            "enabled": {"condition": "AppData.getAppData('keep_servers_online') == True"},
            "enable_function": "AppData.setAppData('keep_servers_online', True)",
            "disable_function": "AppData.setAppData('keep_servers_online', False)",
            "pad": 5
        }
    ]
}