{
    "elements": [
        {
            "type": "button",
            "text": "Home",
            "id": "home_button",
            "function": "ElementManager.loadPage('home/home')",
            "pad": 5
        },
        {
            "type": "label",
            "text": "'${selected_server}'",
            "id": "server_name_label",
            "size": 48,
            "pad": 20
        },
        {
            "type": "frame",
            "id": "power_options",
            "width": 600,
            "height": 50,
            "pad": 5,
            "children": [
                {
                    "type": "button",
                    "text": "Start Server",
                    "id": "start_server",
                    "state": {"condition": "self.data['selected_server'] not in ServerManager.running_servers"},
                    "function": "startServer(ElementManager)",
                    "grid": {"column": 1, "row": 0},
                    "padx": 5,
                    "pad": 5,
                    "align": "left"
                },
                {
                    "type": "button",
                    "text": "Stop Server",
                    "id": "stop_server",
                    "state": {"condition": "self.data['selected_server'] in ServerManager.running_servers"},
                    "function": "stopServer(ElementManager)",
                    "padx": 5,
                    "pad": 5,
                    "align": "right"
                }
            ]
        },
        {
            "type": "button",
            "text": "Accept EULA",
            "id": "accept_eula",
            "show": {"condition": "not ServerManager.getServerData(ElementManager.data['selected_server'])['accepted-eula']"},
            "state": "disabled",
            "function": "acceptEula(ElementManager)",
            "pad": 5
        },
        {
            "type": "button",
            "text": "Configure Server",
            "id": "configure_server",
            "function": "ElementManager.loadPage('server/configure_server/configure_server')",
            "pad": 5
        },
        {
            "type": "entry",
            "text": "Send Command",
            "id": "send_command",
            "pad": 5,
            "button": {
                "text": "Send",
                "id": "send_command_button",
                "state": {"condition": "self.data['selected_server'] in ServerManager.running_servers"},
                "function": "sendCommand(ElementManager)",
                "pad": 5
            }
        },
        {
            "type": "textbox",
            "default": "The server's console will appear here.",
            "font_size": 10,
            "width": 600,
            "height": 300,
            "update_with_function": "retriveServerLog(ElementManager)",
            "id": "console",
            "pad": 5
        }
    ]
}